id;bdate;occupation;bio;country;province;city;address;title;mobile;img;img_content_type
1;2020-03-24;Unbranded Oval;Union Metal Finland;Gambia;Practical heuristic;Carolanneborough;program Direct system;framework;"+97 22 19 30 76 59";../fake-data/blob/hipster.png;image/png
2;2020-03-24;Venezuela California paradigms;bleeding-edge CSS;Angola;Burundi;Princeborough;heuristic;Identity;"+324 0 86 716 957 531";../fake-data/blob/hipster.png;image/png
3;2020-03-24;Analyst;Fantastic;Spain;Tuna;Murielmouth;Borders composite;intermediate;"+860701 3 5 85125";../fake-data/blob/hipster.png;image/png
4;2020-03-24;Svalbard & Jan Mayen Islands Plastic;Direct orchid;Cuba;Home solid state;Halvorsonborough;yellow;Saint Barthelemy Central;"+4 6 2 00123 6";../fake-data/blob/hipster.png;image/png
5;2020-03-24;PNG back-end open-source;Grocery Fantastic SCSI;Grenada;Home;West Brenden;Rustic Plastic Bacon Practical;Mobility Holy See (Vatican City State);"+8 7 5 47407";../fake-data/blob/hipster.png;image/png
6;2020-03-24;eyeballs Garden;Intelligent Concrete Pants Metrics Unbranded;Togo;parse;Port Montyland;Soft open architecture;Pants;"+5 415 68 7";../fake-data/blob/hipster.png;image/png
7;2020-03-24;Interactions;orange Berkshire;Moldova;discrete Chips redefine;East Dustin;parse fuchsia red;e-enable web-enabled;"+4984 66 3";../fake-data/blob/hipster.png;image/png
8;2020-03-24;Cheese cross-platform;synthesize pricing structure Circle;Marshall Islands;Assistant Right-sized Avon;West Amos;functionalities Rustic Cheese;web-enabled Borders;"+0 9538 8 9 47 3 5 3";../fake-data/blob/hipster.png;image/png
9;2020-03-24;Group Table;indexing;Macedonia;USB Refined Frozen Mouse Direct;North Cortez;Garden;Multi-channelled;"+0 4 17 0 75 3";../fake-data/blob/hipster.png;image/png
10;2020-03-24;Berkshire mindshare;sensor International Wooden;Morocco;Direct redundant Switchable;Adalbertoland;Health United Arab Emirates Handcrafted Concrete Hat;Wall Practical;"+91470411 84 2 513";../fake-data/blob/hipster.png;image/png
