id;facebook;twitter;linked_in;instagram;github;gitlab;flickr;gmail;email;website
1;Kenyan Shilling Home Loan Account Borders;bus hybrid;Turnpike Avon;explicit Guatemala;collaboration GB synergies;transition;drive sensor one-to-one;"tn.4.w.b.6.h@gmail.com";"Sbi@iisvl.9.xo.uOlu.i";mobile
2;Micronesia Small grid-enabled;generating;exuding index;Plastic Money Market Account;Fantastic applications;interfaces Cheese;Rubber Lakes;"b.8.iwyp.m.a@gmail.com";"Y9aJ3@Od.hBb.ZwRUto.WWEy.U.ndpJf";hacking
3;harness Optimization generate;Global;lavender Extension;AI;Metal homogeneous;Bedfordshire;Unbranded Concrete Cheese COM;"3.jr.v.l.4w@gmail.com";"lQwd8@IY378M.hdK_.Q4";syndicate Crest Islands
4;programming;repurpose Shoal payment;magenta;Focused Plastic;one-to-one indigo;programming JSON;content;"e.h7d.7.i.w@gmail.com";"J@XEsD.H.Vi-ki.ldDta_.S.7Rmn";azure generate
5;system maximize wireless;Grocery Fantastic Granite Sausages;hacking;Way;GB Hat deposit;Human;Borders Practical Frozen Sausages;"lc.5.k.cb.o.a@googlemail.com";"wAVBTH@Nq7l.UC4bPJ.j9.Q6.h";salmon bottom-line calculating
6;azure;Jewelery B2B Towels;functionalities;Gorgeous Granite Chips;engage Switchable;Home Loan Account;XSS Avon Markets;"3.8.k.v.x.5u.7@gmail.com";"C2qsv@Q.lQL0kr.0RIKf";Officer methodologies
7;connect Buckinghamshire;South Africa index;Health Burundi;non-volatile connecting Platinum;Assurance Rustic Fresh Chicken;Colorado transmit;matrix dedicated Object-based;"rw5j.2.mza.r@gmail.com";"9NhZL@qCqkh.6kdJU.a6PB1Q.mi.pto";product
8;Books;Shoals;Fantastic Wooden Pants;Unbranded Secured;hack;indigo Idaho architectures;solid state Delaware;"8snw.rk.a.mi@gmail.com";"6N@TlvLsS.xfY1.LkB3.yQLdn.XR";Investor
9;Movies;Chief;Egypt Toys 24/365;Shirt;Bond Markets Units European Composite Unit (EURCO) Bangladesh;Drive Team-oriented Interactions;yellow;"q.0.uc1.q.oo.h@gmail.com";"cGDs@yq.Yb.Y";Ball circuit grow
10;SMTP invoice Assistant;Director online;Human;Representative programming;visionary;reboot withdrawal;Field Coordinator;"scb.0o.rn74@gmail.com";"cW@N.bWn-a.-I3f.mt";wireless red
